eco_notes_detailed,id,accommodation_details,eco_focus_tags,gallery_image_urls,primary_image_url,last_verified_date,coordinates,name,source_urls,description_long,digital_nomad_features,city,coworking_details,cafe_details,address_string,category,description_short
"Explicitly called 'eco-friendly'. Implements natural lighting, energy-efficient systems, and improved waste management. Incorporates green spaces into office environments and promotes sustainability within their offices. Initiatives to reduce carbon footprint.",shinei-office-bkk-12345,,"[""green_building_materials"", ""waste_reduction"", ""biophilic_design"", ""energy_efficient_systems"", ""plastic_free_initiatives"", ""local_sourcing""]","[""/images/listings/generate-uuid-for-shinei-office/shinei-office-1.jpg"", ""/images/listings/generate-uuid-for-shinei-office/shinei-office-2.jpg""]",/images/listings/generate-uuid-for-shinei-office/shinei-office-1.jpg,2025-05-12,"{""latitude"": 13.7366, ""longitude"": 100.5602}",Shinei Office Space,"[""http://www.shinei-office.com/"", ""https://thethaiger.com/guides/best-of/lifestyle/shinei-office-space-the-eco-friendly-coworking-space-for-aspiring-entrepreneurs""]","Shinei Office Space, located in Sermmit Tower, Asoke, provides a range of flexible workspace solutions including private offices, shared coworking areas, and virtual office services. It is positioned as an eco-friendly option, committed to environmental sustainability and reducing its carbon footprint through green initiatives.","[""meeting_rooms_available"", ""fast_wifi"", ""power_outlets_abundant"", ""quiet_work_zones"", ""ergonomic_seating""]",Bangkok,"{""operating_hours"": ""Mon-Fri: 8:30am-6:30pm, Sat: 9am-5pm"", ""pricing_plans"": [{""type"": ""hot_desk"", ""price_thb"": 3500, ""price_notes"": ""Per month, includes 10 hours of meeting room usage""}, {""type"": ""dedicated_desk"", ""price_thb"": 5900, ""price_notes"": ""Per month, includes 20 hours of meeting room usage""}, {""type"": ""private_office"", ""price_thb"": 9500, ""price_notes"": ""Starting price per month for 1-2 person office""}], ""specific_amenities_coworking"": [""private_offices"", ""coworking_desks"", ""virtual_offices"", ""ac_rooms"", ""outdoor_seating_area"", ""skype_booths_call_rooms"", ""printer_scanner_copier"", ""kitchen_access_shared""]}",,"Sermmit Tower, 159 Asoke-Sukhumvit Road, Klongtoey Nua, Wattana, Bangkok 10110",coworking,"Eco-friendly coworking space in Asoke, offering private offices, coworking, and virtual offices for entrepreneurs."
"Strong emphasis on biophilic design with natural elements and live plants throughout the space. The office features energy-efficient lighting systems, waste sorting stations, and uses sustainably sourced materials in its construction and furnishings. Large windows maximize natural light, reducing energy consumption. The space actively promotes eco-conscious practices among its community members through regular workshops and sustainability challenges.",justco-one-city-centre-bkk-67890,,"[""biophilic_design"", ""waste_reduction"", ""energy_efficient_systems"", ""green_building_materials""]","[""/images/listings/generate-uuid-for-justco-one-city-centre/justco-1.jpg"", ""/images/listings/generate-uuid-for-justco-one-city-centre/justco-2.jpg""]",/images/listings/generate-uuid-for-justco-one-city-centre/justco-1.jpg,2025-05-12,"{""latitude"": 13.7425, ""longitude"": 100.5454}",JustCo One City Centre,"[""https://officesnapshots.com/2023/12/12/justco-one-city-centre-coworking-offices-bangkok/"", ""https://www.justcoglobal.com/coworking/th/en/locations/bangkok/""]","JustCo One City Centre, located on floors 37-40 of One City Centre, Ploenchit, integrates nature into its workspace through biophilic design elements, including live plants, natural wood furnishings, and expansive windows that let in ample sunlight. The design emphasizes sustainability and a connection with nature.","[""fast_wifi"", ""meeting_rooms_available""]",Bangkok,"{""operating_hours"": ""Mon-Fri: 9am-7pm, Sat: 10am-5pm"", ""pricing_plans"": [{""type"": ""hot_desk"", ""price_thb"": 3900, ""price_notes"": ""Per month, access to all amenities""}, {""type"": ""dedicated_desk"", ""price_thb"": 6500, ""price_notes"": ""Per month, personal storage included""}, {""type"": ""private_office"", ""price_thb"": 12000, ""price_notes"": ""Starting price per month for small team office""}, {""type"": ""day_pass"", ""price_thb"": 350, ""price_notes"": ""Full day access with all amenities""}], ""specific_amenities_coworking"": [""coworking_desks"", ""biophilic_design"", ""ac_rooms"", ""skype_booths_call_rooms"", ""printer_scanner_copier"", ""event_space_available"", ""personal_lockers"", ""on_site_cafe_restaurant""]}",,"One City Centre, 37th-40th Floor, 87 Wireless Road, Lumpini, Pathumwan, Bangkok 10330",coworking,Coworking space at One City Centre featuring nature-infused design.
"Pier Lab explicitly promotes sustainable practices with a strong focus on eco-friendly transportation solutions. The space features Thailand's first electrical Tuk-Tuk charging station, encouraging green commuting options. The interior incorporates upcycled and recycled materials in its furniture and decor. They implement comprehensive waste sorting and recycling programs and use water-saving fixtures throughout the facility. The riverfront location not only provides inspiring views but also connects members with Bangkok's historical waterways, promoting awareness of water conservation issues.",pier-lab-bkk-24680,,"[""sustainable_practices"", ""water_conservation"", ""ev_charging_station"", ""waste_reduction"", ""upcycled_materials""]","[""/images/listings/generate-uuid-for-pier-lab/pierlab-1.jpg"", ""/images/listings/generate-uuid-for-pier-lab/pierlab-2.jpg""]",/images/listings/generate-uuid-for-pier-lab/pierlab-1.jpg,2025-05-12,"{""latitude"": 13.7577, ""longitude"": 100.4905}",Pier Lab,"[""https://www.pier-lab.com/""]","Pier Lab is a coworking space located on the second floor of Tha Maharaj, Bangkok, that offers a unique riverbank view. The space emphasizes sustainable practices and has initiatives such as an electrical Tuk Tuk charging station to support green transportation.","[""fast_wifi"", ""quiet_work_zones""]",Bangkok,"{""operating_hours"": ""Mon-Fri: 8am-8pm, Sat-Sun: 10am-6pm"", ""pricing_plans"": [{""type"": ""hot_desk"", ""price_thb"": 2800, ""price_notes"": ""Per month, unlimited access""}, {""type"": ""dedicated_desk"", ""price_thb"": 4500, ""price_notes"": ""Per month, includes locker""}, {""type"": ""day_pass"", ""price_thb"": 300, ""price_notes"": ""Single day access with all amenities""}], ""specific_amenities_coworking"": [""coworking_desks"", ""river_view"", ""outdoor_seating_area"", ""meeting_rooms_available"", ""printer_scanner_copier"", ""ev_charging_station"", ""bike_parking""]}",,"2nd Floor, Tha Maharaj, 1 Maharaj Rd, Rattanakosin Island, Phra Nakhon, Bangkok 10200",coworking,Coworking space offering a riverbank view with a focus on promoting sustainable practices.
"Plantiful demonstrates a comprehensive approach to sustainability. Their menu is 100% plant-based, significantly reducing their carbon footprint. They source ingredients from local organic farms within a 100km radius of Bangkok whenever possible. All takeaway containers and utensils are made from biodegradable materials, and they offer discounts to customers who bring their own containers. The cafe's interior features reclaimed wood furniture, living plant walls that improve air quality, and energy-efficient lighting and appliances. Their commitment extends to water conservation with low-flow fixtures and a rainwater collection system that waters their decorative plants and herb garden.",plantiful-bkk-35791,,"[""plant_based_menu"", ""local_sourcing"", ""waste_reduction"", ""plastic_free_initiatives"", ""biophilic_design"", ""organic_food""]","[""/images/listings/plantiful-bkk-35791/plantiful-1.jpg"", ""/images/listings/plantiful-bkk-35791/plantiful-2.jpg"", ""/images/listings/plantiful-bkk-35791/plantiful-3.jpg""]",/images/listings/plantiful-bkk-35791/plantiful-1.jpg,2025-05-12,"{""latitude"": 13.7263, ""longitude"": 100.5786}",Plantiful,"[""https://www.facebook.com/plantiful.bkk/"", ""https://www.instagram.com/plantiful.bkk/"", ""https://www.thecommonsbkk.com/vendor/plantiful""]","Plantiful is a trendy cafe with locations in The Commons Thonglor and Siam Center, dedicated to nutritious plant-based cuisine. The interior features sustainable materials, living plant walls, and natural lighting. Their signature dishes include superfood smoothie bowls, avocado toast on sourdough, and hearty grain-based salads, all prepared with locally-sourced, organic ingredients whenever possible.","[""fast_wifi"", ""quiet_work_zones"", ""power_outlets_abundant"", ""on_site_food_drink"", ""community_events_networking"", ""pet_friendly""]",Bangkok,,"{""operating_hours"": ""Mon-Sun: 8am-9pm"", ""price_indication"": ""$$"", ""menu_highlights_cafe"": [""specialty_coffee_beans"", ""sourdough_bread_pastries"", ""extensive_vegan_options"", ""fresh_pressed_juices_smoothies"", ""plant_based_protein_bowls"", ""organic_teas"", ""gluten_free_options""], ""wifi_reliability_notes"": ""Fiber-optic Wi-Fi with 300Mbps speeds, password provided with purchase. Multiple power outlets at most tables and dedicated workspaces in the back section with ergonomic seating for longer working sessions.""}","2nd Floor, The Commons, 335 Thonglor 17, Klongton Nua, Watthana, Bangkok 10110",cafe,"Stylish plant-based cafe serving nutritious, eco-conscious food in a digital nomad-friendly environment."
"Bangkok Tree House exemplifies comprehensive sustainability. The entire property operates on solar power with backup systems only for emergencies. Their innovative water management includes rainwater harvesting, natural filtration systems, and constructed wetlands for wastewater treatment. All structures are built using bamboo, reclaimed wood, and other sustainable materials with minimal concrete. Food waste is composted on-site for their organic garden, which supplies the restaurant with fresh produce. Single-use plastics are banned throughout the property, with alternatives like bamboo straws and refillable toiletry dispensers. The resort actively educates guests about local ecology through guided tours of the mangrove ecosystem and workshops on sustainable living practices. They employ local community members and support conservation efforts in the Bang Krachao 'green lung' area.",bangkok-tree-house-46802,"{""accommodation_type"": ""eco_lodge"", ""price_per_night_thb_range"": {""min"": 3500, ""max"": 9000}, ""room_types_available"": [""treehouse_room"", ""river_view_suite"", ""nest_room""], ""specific_amenities_accommodation"": [""eco_friendly_design"", ""organic_restaurant"", ""bicycle_rental"", ""yoga_meditation_space"", ""outdoor_shower"", ""river_views"", ""natural_swimming_pool"", ""guided_eco_tours"", ""spa_wellness_services"", ""outdoor_dining""]}","[""carbon_neutral"", ""solar_power"", ""water_conservation"", ""waste_reduction"", ""organic_food"", ""upcycled_materials"", ""green_building_materials"", ""biophilic_design"", ""eco_education_programs""]","[""/images/listings/bangkok-tree-house-46802/treehouse-1.jpg"", ""/images/listings/bangkok-tree-house-46802/treehouse-2.jpg"", ""/images/listings/bangkok-tree-house-46802/treehouse-3.jpg"", ""/images/listings/bangkok-tree-house-46802/treehouse-4.jpg""]",/images/listings/bangkok-tree-house-46802/treehouse-1.jpg,2025-05-12,"{""latitude"": 13.6827, ""longitude"": 100.5769}",Bangkok Tree House,"[""https://www.bangkoktreehouse.com/"", ""https://www.uniqhotels.com/bangkok-tree-house/"", ""https://ecolodgesanywhere.com/eco-lodges-thailand/"", ""https://www.tripadvisor.com/Hotel_Review-g2237291-d2227079-Reviews-Bangkok_Tree_House-Bang_Kachao_Phra_Pradaeng_Samut_Prakan_Province.html""]","Bangkok Tree House is an innovative eco-resort nestled in the lush 'green lung' of Bangkok, a protected mangrove forest just outside the city center. The resort features elevated treehouse-style rooms designed with sustainable materials and minimal environmental impact. Accessible only by boat or bicycle, this unique property offers a stark contrast to urban Bangkok with its pristine natural surroundings, organic garden-to-table dining, and comprehensive sustainability initiatives including solar power, natural water filtration, and zero-waste policies.","[""fast_wifi"", ""quiet_work_zones"", ""on_site_food_drink"", ""power_outlets_abundant""]",Bangkok,,,"60 Moo 1, Soi Bua Phueng Pattana, Bang Namphueng, Phra Pradaeng, Samut Prakan 10130",accommodation,Award-winning eco-resort with unique treehouse-style accommodations in Bangkok's green lung area.
"Hub53 demonstrates holistic sustainability through multiple initiatives. The buildings incorporate natural cooling systems and passive ventilation to reduce energy consumption. Reclaimed wood, bamboo, and recycled materials feature prominently in furniture and construction. The property maintains organic vegetable gardens that supply their cafe and hosts composting workshops. Their community outreach includes educational programs on sustainable living, monthly environmental awareness events, and partnerships with local eco-organizations. They've eliminated single-use plastics throughout the facility and implemented comprehensive recycling systems. The tropical gardens feature native plants that support local biodiversity and create natural shade to reduce cooling needs.",hub53-chiang-mai-58913,,"[""sustainable_practices"", ""recycled_materials"", ""upcycled_materials"", ""biophilic_design"", ""waste_reduction"", ""community_focused"", ""eco_education_programs""]","[""/images/listings/hub53-chiang-mai-58913/hub53-1.jpg"", ""/images/listings/hub53-chiang-mai-58913/hub53-2.jpg"", ""/images/listings/hub53-chiang-mai-58913/hub53-3.jpg"", ""/images/listings/hub53-chiang-mai-58913/hub53-4.jpg""]",/images/listings/hub53-chiang-mai-58913/hub53-1.jpg,2025-05-15,"{""latitude"": 18.7955, ""longitude"": 98.9623}",Hub53 Coworking and Coliving,"[""https://hub53coworking.com/"", ""https://www.facebook.com/hub53coworking/"", ""https://www.coworker.com/mag/5-coolest-coworking-spaces-in-chiang-mai"", ""https://www.chiangmaicitylife.com/citynews/lifestyle/eco-friendly-spaces-in-chiang-mai/""]","Hub53 is a vibrant coworking and coliving community center near Chiang Mai University that combines modern work amenities with eco-friendly design. The property features lush tropical gardens, upcycled furniture, energy-efficient architecture, and natural building materials. Beyond just a workspace, Hub53 functions as a sustainable community hub hosting workshops on zero-waste living, urban gardening, and regular community clean-up initiatives around Chiang Mai.","[""fast_wifi"", ""community_events_networking"", ""power_outlets_abundant"", ""meeting_rooms_available"", ""coliving_option_available"", ""quiet_work_zones"", ""on_site_food_drink"", ""ergonomic_seating"", ""24_7_access""]",Chiang Mai,"{""operating_hours"": ""24/7 for residents, Mon-Fri: 8am-8pm, Sat: 9am-6pm for day users"", ""pricing_plans"": [{""type"": ""daily"", ""price_thb"": 189, ""price_notes"": ""Day pass includes coffee and snacks""}, {""type"": ""weekly"", ""price_thb"": 980, ""price_notes"": ""Unlimited access during business hours""}, {""type"": ""monthly_hot_desk"", ""price_thb"": 2699, ""price_notes"": ""Member Executive plan with limited hours""}, {""type"": ""monthly_unlimited"", ""price_thb"": 3299, ""price_notes"": ""Unlimited access with all amenities""}, {""type"": ""coliving"", ""price_thb"": 12000, ""price_notes"": ""Monthly with private room and coworking""}], ""specific_amenities_coworking"": [""coworking_desks"", ""coliving_option_available"", ""skype_booths_call_rooms"", ""printer_scanner_copier"", ""on_site_cafe_restaurant"", ""outdoor_seating_area"", ""bike_parking"", ""shower_room"", ""lounge"", ""event_space_available""]}",,"53 Chonprathan Road, Suthep, Mueang, Chiang Mai 50200",coworking,Eco-conscious coworking and coliving space with lush gardens and sustainable design elements.
"Features include abundant natural light and eco-friendly design elements that create a modern, sustainable workspace.",generate-uuid-for-greenovation-phuket,,"[""green_building_materials"", ""biophilic_design""]","[""/images/listings/generate-uuid-for-greenovation-phuket/greenovation-phuket-1.jpg"", ""/images/listings/generate-uuid-for-greenovation-phuket/greenovation-phuket-2.jpg""]",/images/listings/generate-uuid-for-greenovation-phuket/greenovation-phuket-1.jpg,2025-05-12,"{""latitude"": null, ""longitude"": null}",Greenovation Phuket,"[""https://www.thecoworkingspaces.com/space/greenovation-phuket""]","Greenovation Phuket is a four-floor coworking space designed to blend work and environmental consciousness. Located in Pa Klok, it offers sunny workspaces, natural lighting, and a relaxed ambiance that fosters creativity and sustainability.","[""fast_wifi"", ""meeting_rooms_available""]",Phuket,"{""operating_hours"": ""Mon-Fri: 9am-7pm"", ""pricing_plans"": [], ""specific_amenities_coworking"": [""coworking_desks"", ""quiet_work_zones""]}",,"Pa Klok, Thalang District, Phuket",coworking,Innovative coworking space with a green concept in Phuket.
"Utilizes renewable energy and sustainable building materials, with organic dining options and eco-friendly amenities.",generate-uuid-for-coco-lanta-eco-resort,"{""accommodation_type"": ""eco_lodge"", ""price_per_night_thb_range"": {""min"": 1000, ""max"": 2000}, ""room_types_available"": [""bungalow""], ""specific_amenities_accommodation"": [""eco_friendly_design"", ""organic_restaurant""]}","[""eco_lodge"", ""water_conservation""]","[""/images/listings/generate-uuid-for-coco-lanta-eco-resort/coco-lanta-1.jpg"", ""/images/listings/generate-uuid-for-coco-lanta-eco-resort/coco-lanta-2.jpg""]",/images/listings/generate-uuid-for-coco-lanta-eco-resort/coco-lanta-1.jpg,2025-05-12,"{""latitude"": null, ""longitude"": null}",Coco Lanta Eco Resort,"[""https://cocolantaresort.com/""]","Coco Lanta Eco Resort offers bungalow-style accommodations right on the beachfront in Koh Lanta. It emphasizes sustainable practices such as water conservation and green energy initiatives, providing guests with an eco-friendly and relaxing stay.","[""fast_wifi""]",Koh Lanta,,,"Klong Khong, Koh Lanta",accommodation,Beachfront eco-resort combining sustainable practices with relaxation.
"Mala Dhara exemplifies sustainable building practices with its adobe structures made from local earth, rice husks, and natural materials. The entire property runs primarily on solar power and practices comprehensive water conservation with rainwater harvesting and natural filtration systems. Their permaculture farm demonstrates regenerative agriculture techniques, providing organic vegetables and fruits for the on-site vegan restaurant. They offer educational workshops on sustainable building, permaculture, and low-impact living. All cleaning products are biodegradable, and they maintain a strict zero plastic policy throughout the resort. The property actively engages with the local community through employment opportunities and educational programs for local students.",mala-dhara-chiang-mai-67148,"{""accommodation_type"": ""eco_lodge"", ""price_per_night_thb_range"": {""min"": 1800, ""max"": 4500}, ""room_types_available"": [""private_room_ensuite"", ""bungalow"", ""adobe_villa""], ""specific_amenities_accommodation"": [""swimming_pool"", ""yoga_meditation_space"", ""on_site_restaurant_bar"", ""organic_farm"", ""eco_friendly_design"", ""free_bicycles"", ""natural_swimming_pool"", ""outdoor_dining"", ""spa_wellness_services""]}","[""organic_food"", ""solar_power"", ""green_building_materials"", ""biophilic_design"", ""water_conservation"", ""eco_education_programs"", ""community_focused"", ""local_sourcing""]","[""/images/listings/mala-dhara-chiang-mai-67148/maladhara-1.jpg"", ""/images/listings/mala-dhara-chiang-mai-67148/maladhara-2.jpg"", ""/images/listings/mala-dhara-chiang-mai-67148/maladhara-3.jpg"", ""/images/listings/mala-dhara-chiang-mai-67148/maladhara-4.jpg""]",/images/listings/mala-dhara-chiang-mai-67148/maladhara-1.jpg,2025-05-10,"{""latitude"": 18.6097, ""longitude"": 98.7784}",Mala Dhara Eco Resort & Yoga Retreat,"[""https://www.maladhara.com/"", ""https://www.facebook.com/maladhara/"", ""https://www.tripadvisor.com/Hotel_Review-g293917-d12493367-Reviews-Mala_Dhara_Eco_Resort_Yoga_Retreat-Chiang_Mai.html"", ""https://www.bookretreats.com/s/yoga-retreats/mala-dhara-eco-resort-yoga-retreat""]","Mala Dhara is a serene eco-resort and yoga retreat located 40 minutes from Chiang Mai city. Built entirely using sustainable earthen building techniques, the resort features unique adobe bungalows, a salt-water pool, and operates a permaculture farm producing organic fruits and vegetables. The retreat offers a perfect balance of sustainability, comfort, and Thai rural charm for digital nomads seeking a peaceful workspace surrounded by nature.","[""fast_wifi"", ""quiet_work_zones"", ""on_site_food_drink"", ""community_events_networking""]",Chiang Mai,,,"193 Moo 7, Don Pao, Mae Wang, Chiang Mai 50360",accommodation,Sustainable yoga retreat and eco-resort built with natural materials featuring an organic permaculture farm.
"Keemala demonstrates exceptional commitment to sustainability through several key initiatives. Their 'Enchanted Garden' produces organic herbs, vegetables, and fruits that supply their farm-to-table restaurants. Water conservation is achieved through advanced rainwater harvesting systems, greywater recycling for garden irrigation, and low-flow fixtures throughout the property. The architectural design maximizes natural ventilation and lighting while blending seamlessly with the natural landscape to minimize environmental disruption. All villas use locally-sourced materials and traditional building techniques where possible, combined with modern energy-efficient systems. The resort maintains a zero single-use plastic policy and implements comprehensive waste separation and recycling. They also engage with the local community through employment opportunities, cultural preservation efforts, and educational programs about environmental conservation.",keemala-phuket-74932,"{""accommodation_type"": ""eco_lodge"", ""price_per_night_thb_range"": {""min"": 12000, ""max"": 38000}, ""room_types_available"": [""treehouse_villa"", ""tent_villa"", ""clay_pool_cottage"", ""bird_nest_villa""], ""specific_amenities_accommodation"": [""private_pool"", ""spa_wellness_services"", ""on_site_restaurant_bar"", ""fitness_center_gym"", ""yoga_meditation_space"", ""organic_farm"", ""eco_friendly_design""]}","[""organic_food"", ""water_conservation"", ""biophilic_design"", ""local_sourcing"", ""green_building_materials"", ""waste_reduction"", ""community_focused""]","[""/images/listings/keemala-phuket-74932/keemala-1.jpg"", ""/images/listings/keemala-phuket-74932/keemala-2.jpg"", ""/images/listings/keemala-phuket-74932/keemala-3.jpg"", ""/images/listings/keemala-phuket-74932/keemala-4.jpg"", ""/images/listings/keemala-phuket-74932/keemala-5.jpg""]",/images/listings/keemala-phuket-74932/keemala-1.jpg,2025-05-14,"{""latitude"": 7.9563, ""longitude"": 98.2814}",Keemala Eco-Resort,"[""https://www.keemala.com/"", ""https://www.booking.com/hotel/th/keemala.html"", ""https://www.tripadvisor.com/Hotel_Review-g1215780-d8698381-Reviews-Keemala-Kamala_Kathu_Phuket.html"", ""https://www.sustainablehotels.co.th/keemala-phuket""]","Keemala is a luxury eco-resort nestled on a hillside overlooking Kamala Village and the Andaman Sea. The resort features unique treehouse villas and cottages designed to blend harmoniously with the surrounding forest. Beyond luxury, Keemala maintains strong sustainability practices including an extensive organic garden, energy conservation initiatives, and wildlife preservation programs. The resort's design incorporates rainwater harvesting, natural ventilation, and locally-sourced construction materials.","[""fast_wifi"", ""quiet_work_zones"", ""power_outlets_abundant""]",Phuket,,,"10/88 Moo 6, Nakasud Road, Kamala, Kathu, Phuket 83150",accommodation,Luxury eco-resort with unique treehouse villas built with sustainable principles and organic gardens.
"Oasis Yoga Bungalows exemplifies small-scale sustainable tourism on Koh Lanta. Their bungalows are constructed primarily from local bamboo, reclaimed wood, and other renewable materials with minimal concrete. The property uses a combination of solar power and energy-efficient systems to reduce electricity consumption. Water conservation is achieved through rainwater harvesting, low-flow fixtures, and greywater recycling for their organic garden. They maintain a strict zero single-use plastic policy, providing filtered water stations and biodegradable toiletries. Food waste is composted for their garden which supplies herbs and vegetables for their cafe. The owners actively participate in beach clean-ups and local conservation initiatives, and they employ staff from the local community. Their approach demonstrates how a small property can implement comprehensive sustainability practices while providing a comfortable, authentic experience.",oasis-yoga-kohlanta-83571,"{""accommodation_type"": ""bungalow"", ""price_per_night_thb_range"": {""min"": 1200, ""max"": 2200}, ""room_types_available"": [""bamboo_bungalow"", ""garden_bungalow""], ""specific_amenities_accommodation"": [""yoga_meditation_space"", ""eco_friendly_design"", ""organic_cafe"", ""free_bicycles"", ""outdoor_dining"", ""beach_access""]}","[""green_building_materials"", ""organic_food"", ""waste_reduction"", ""water_conservation"", ""plastic_free_initiatives"", ""community_focused""]","[""/images/listings/oasis-yoga-kohlanta-83571/oasis-1.jpg"", ""/images/listings/oasis-yoga-kohlanta-83571/oasis-2.jpg"", ""/images/listings/oasis-yoga-kohlanta-83571/oasis-3.jpg""]",/images/listings/oasis-yoga-kohlanta-83571/oasis-1.jpg,2025-05-10,"{""latitude"": 7.6429, ""longitude"": 99.0375}",Oasis Yoga Bungalows,"[""https://www.oasisyogalanta.com/"", ""https://www.facebook.com/oasisyogalanta/"", ""https://www.tripadvisor.com/Hotel_Review-g303905-d8009984-Reviews-Oasis_Yoga_Bungalows-Ko_Lanta_Krabi_Province.html""]","Oasis Yoga Bungalows is an intimate eco-retreat located steps from Long Beach on Koh Lanta. This family-run property features six unique bamboo bungalows designed with natural ventilation and built using sustainable materials. The retreat operates with a strong environmental ethos including zero-waste practices, an organic garden, and comprehensive water conservation systems. Beyond accommodation, they offer daily yoga classes, plant-based meals, and a supportive community for digital nomads seeking a mindful workspace in paradise.","[""fast_wifi"", ""quiet_work_zones"", ""community_events_networking""]",Koh Lanta,,,"272 Moo 3, Sala Dan, Koh Lanta, Krabi 81150",accommodation,Eco-friendly yoga retreat with sustainable bamboo bungalows featuring organic garden and zero-waste initiatives.
"Pun Pun represents a comprehensive approach to sustainability centered around food sovereignty and ecological practices. The cafe sources nearly all its ingredients from their own organic farm or local farmers practicing sustainable agriculture. Their seed-saving initiative preserves traditional Thai crop varieties that might otherwise disappear due to industrial agriculture. The restaurant itself is constructed using natural building techniques including adobe, bamboo, and reclaimed materials. They practice comprehensive waste management with composting of all food scraps and use of biodegradable packaging. Water conservation includes rainwater collection and greywater systems for garden irrigation. The organization regularly conducts workshops on sustainable living practices including natural building, permaculture, seed saving, and plant-based cooking. Their holistic approach demonstrates how food systems can be regenerative rather than extractive, while creating meaningful community connections.",pun-pun-chiangmai-92465,,"[""organic_food"", ""plant_based_menu"", ""local_sourcing"", ""waste_reduction"", ""community_focused"", ""eco_education_programs"", ""green_building_materials""]","[""/images/listings/pun-pun-chiangmai-92465/punpun-1.jpg"", ""/images/listings/pun-pun-chiangmai-92465/punpun-2.jpg"", ""/images/listings/pun-pun-chiangmai-92465/punpun-3.jpg""]",/images/listings/pun-pun-chiangmai-92465/punpun-1.jpg,2025-05-12,"{""latitude"": 18.7902, ""longitude"": 98.9673}",Pun Pun Organic Farm & Restaurant,"[""https://www.punpunthailand.org/"", ""https://www.facebook.com/PunPunCenter/"", ""https://www.tripadvisor.com/Restaurant_Review-g293917-d1977143-Reviews-Pun_Pun_Organic_Vegetarian_Restaurant-Chiang_Mai.html""]","Pun Pun Organic Farm & Restaurant is more than just a cafe—it's a center for sustainable living and seed preservation located at Wat Suan Dok Temple. This peaceful garden cafe serves delicious vegetarian Thai cuisine made with organic ingredients grown at their farm. Beyond serving food, Pun Pun is part of a larger movement promoting seed saving, sustainable agriculture, natural building, and community self-reliance. The restaurant provides a tranquil workspace among garden beds and earthen structures, making it ideal for digital nomads seeking inspiration in a sustainability-focused environment.","[""quiet_work_zones"", ""on_site_food_drink"", ""outdoor_seating""]",Chiang Mai,,"{""operating_hours"": ""Tue-Sun: 9am-4pm, Closed Mondays"", ""price_indication"": ""$"", ""menu_highlights_cafe"": [""organic_vegetarian_thai_cuisine"", ""herbal_teas"", ""homemade_kombucha"", ""traditional_northern_thai_dishes"", ""seasonal_fruit_desserts""], ""wifi_reliability_notes"": ""Basic WiFi suitable for emails and light browsing. Garden seating with natural shade makes laptop use comfortable during daytime hours.""}","Wat Suan Dok Temple, Suthep Road, Chiang Mai 50200",cafe,"Farm-to-table vegetarian cafe committed to seed saving, sustainable agriculture, and community resilience."
Focuses on 'infusing lush greenery to create a workplace oasis'.,the-urban-office-bangkok-bkk-cw,,"[""biophilic_design""]",[],,2025-05-12,"{""latitude"": null, ""longitude"": null}",The Urban Office,"[""https://www.theurbanoffice.com/""]","Located in the S-Metro Building, Sukhumvit, The Urban Office aims to blend work professionalism with modern lifestyle and urban living. A key feature is the infusion of lush greenery to create a workplace oasis.",[],Bangkok,"{""operating_hours"": null, ""pricing_plans"": [], ""specific_amenities_coworking"": []}",,"S-Metro Building, Sukhumvit, Bangkok",coworking,Coworking space in Sukhumvit focusing on a workplace oasis with lush greenery.
'Seamless blend of greenery and mid-century modern design.' 'Inspirational setting with lush green surrounds.',tloft-co-working-space-bangkok-bkk-cw,,"[""biophilic_design""]",[],,2025-05-12,"{""latitude"": null, ""longitude"": null}",TLoft Co-Working Space,"[""https://www.tloftbkk.com/""]","TLoft Co-Working Space, located in Suriyawong, Bang Rak, promotes a seamless work-life balance. It features an inspirational setting with a seamless blend of greenery and mid-century modern design, and lush green surrounds.",[],Bangkok,"{""operating_hours"": null, ""pricing_plans"": [], ""specific_amenities_coworking"": []}",,"Suriyawong, Bang Rak, Bangkok",coworking,Coworking space in Bang Rak with a blend of greenery and mid-century modern design.
"Described as having a 'modern, green setting'. Features a 'sizable play yard out front', suggesting outdoor green space.",hubba-sathorn-hub-hubba-thailand-bangkok-bkk-cw,,"[""biophilic_design""]",[],,2025-05-12,"{""latitude"": null, ""longitude"": null}",Hubba (Sathorn Hub / Hubba Thailand),"[""https://www.hubbathailand.com/""]","Hubba, with its Sathorn Hub, offers a flexible coworking environment for growing businesses. It provides entrepreneurial programs, mentorships, and events. The space is characterized by a modern, green setting and features a sizable outdoor play yard.","[""community_events_networking""]",Bangkok,"{""operating_hours"": null, ""pricing_plans"": [], ""specific_amenities_coworking"": [""event_space_available"", ""outdoor_seating_area""]}",,"Naradhiwas Rajanagarindra Rd, Bangkok",coworking,"Flexible coworking space in Sathorn with a modern, green setting and outdoor play yard."
"Features a greenhouse setting. Surrounded by gardens, providing a green and natural ambience. Pet-friendly.",dusit-gourmet-at-baan-dusit-thani-bangkok-bkk-cf,,"[""biophilic_design""]",[],,2025-05-12,"{""latitude"": null, ""longitude"": null}",Dusit Gourmet (at Baan Dusit Thani),"[""https://www.facebook.com/baandusithani""]","Dusit Gourmet, located within the Baan Dusit Thani complex, is a coffeeshop offering pastries and light bites. It is distinguished by its greenhouse setting and is surrounded by lush gardens, providing a green and natural ambience. It is also pet-friendly.","[""on_site_food_drink"", ""pet_friendly"", ""outdoor_seating_area""]",Bangkok,,"{""operating_hours"": null, ""price_indication"": null, ""menu_highlights_cafe"": [""pastries"", ""light bites"", ""coffee""], ""wifi_reliability_notes"": null}","Baan Dusit Thani, Sala Daeng, Bangkok",cafe,"Coffeeshop in Baan Dusit Thani with a greenhouse setting, surrounded by gardens."
"'Abundant greenery for inspiration.' 'Surrounded by plenty of plants.' Uses charming vintage furniture, potentially upcycled/repurposed.",piccolo-vicolo-caf-bangkok-bkk-cf,,"[""biophilic_design"", ""upcycled_materials""]",[],,2025-05-12,"{""latitude"": null, ""longitude"": null}",Piccolo Vicolo Café,"[""https://www.instagram.com/piccolo.vicolo.cafe/?hl=en""]","Piccolo Vicolo Café is situated in GalileOasis, an arts and community hub in Bangkok. It's recognized for its quality coffee and features abundant greenery and charming vintage furniture, creating an inspirational atmosphere.","[""on_site_food_drink""]",Bangkok,,"{""operating_hours"": null, ""price_indication"": null, ""menu_highlights_cafe"": [""quality_coffee""], ""wifi_reliability_notes"": null}","GalileOasis, Bangkok",cafe,"Cafe in GalileOasis arts hub, known for quality coffee, abundant greenery, and vintage furniture."
"'Green, leafy ambience.' Focus on fresh ingredients, potentially locally sourced for their bakery and cafe items.",bartels-bangkok-bkk-cf,,"[""biophilic_design"", ""local_sourcing""]",[],,2025-05-12,"{""latitude"": null, ""longitude"": null}",Bartels,"[""https://www.bartelsthailand.com/"", ""https://www.thingsnomadsdo.com/blog/best-specialty-coffee-in-phuket-thailand""]","Bartels is a cafe with multiple locations in Bangkok, popular for its sourdough bread, sandwiches, fresh juices, and coffee. It offers a green and leafy ambience, focusing on fresh ingredients.","[""on_site_food_drink""]",Bangkok,,"{""operating_hours"": null, ""price_indication"": null, ""menu_highlights_cafe"": [""sourdough_bread_pastries"", ""sandwiches"", ""fresh_pressed_juices_smoothies"", ""specialty_coffee_beans""], ""wifi_reliability_notes"": null}","Multiple locations (e.g., Sukhumvit)",cafe,"Cafe known for sourdough, sandwiches, fresh juice, and coffee, with a green, leafy ambience."
'Plant-filled destination.' Excellent city views and natural light due to its location and design. The concept encourages shared space usage. (Note: This is a large venue containing multiple individual eateries; specific eco-practices of sub-vendors may vary).,open-house-central-embassy-bangkok-bkk-cf,,"[""biophilic_design"", ""natural_lighting"", ""shared_space_model""]",[],,2025-05-12,"{""latitude"": null, ""longitude"": null}",Open House Central Embassy,"[""https://www.facebook.com/openhouse.ce/""]","Open House, located on the 6th floor of Central Embassy, is a vast, open-concept 'co-thinking space'. It integrates a bookstore with various cafes and restaurants, creating a plant-filled destination with excellent city views and natural light. The shared nature of the space itself promotes efficient use of resources.","[""on_site_food_drink"", ""quiet_work_zones""]",Bangkok,,"{""operating_hours"": null, ""price_indication"": null, ""menu_highlights_cafe"": [""various_cuisines_available"", ""bookstore_cafe_concept""], ""wifi_reliability_notes"": null}","6th floor, Central Embassy, Bangkok",cafe,"Large, plant-filled co-thinking space in Central Embassy with multiple cafes and restaurants."
"Features a 'beautiful garden'. The parent hotel (Kimpton Maa-Lai Bangkok) has Gold Level Green Hotel Award and Silver LEED Award, supporting local single-origin coffee/chocolate, avoiding single-use plastics, and having significant green space.",craft-at-kimpton-maa-lai-bangkok-bangkok-bkk-cf,,"[""biophilic_design""]",[],,2025-05-12,"{""latitude"": null, ""longitude"": null}",CRAFT (at Kimpton Maa-Lai Bangkok),"[""https://www.kimptonmaalaibangkok.com/bangkok-restaurants/craft/"", ""https://www.kimptonmaalaibangkok.com/hotel-overview/sustainability/""]","CRAFT is a pet-friendly coffeeshop located on the ground floor of the Kimpton Maa-Lai Bangkok hotel in Langsuan. It is noted for its beautiful garden, offering a lively ambience with potential for outdoor seating in a green setting. The hotel itself has sustainability certifications.","[""on_site_food_drink"", ""pet_friendly"", ""outdoor_seating_area""]",Bangkok,,"{""operating_hours"": null, ""price_indication"": null, ""menu_highlights_cafe"": [""coffee"", ""pastries""], ""wifi_reliability_notes"": null}","Ground floor, Kimpton Maa-Lai Bangkok, Langsuan, Bangkok",cafe,Pet-friendly coffeeshop at Kimpton Maa-Lai hotel with a beautiful garden setting.
"Certified Gold Level – Green Hotel Award from Thailand’s DEQP. Silver LEED Award. Guest rooms and meeting spaces utilize solar power via grand windows. Triple-layered glass panels for noise reduction and reduced AC use. Significant green space (41% of its 8,503 sqm area is green). Supports local single-origin coffee and chocolate. Avoids single-use plastics, uses biodegradable straws, tissues, and eco-friendly amenities. Offers bikes and electric scooters for guests. Partners with Steps Organization to welcome trainees/employees with neurodivergent disabilities.",kimpton-maa-lai-bangkok-bangkok-bkk-ac,"{""accommodation_type"": ""hotel"", ""price_per_night_thb_range"": null, ""room_types_available"": [], ""specific_amenities_accommodation"": [""bicycle_rental"", ""electric_scooter_rental""]}","[""solar_power"", ""green_building_materials"", ""biophilic_design"", ""local_sourcing"", ""plastic_free_initiatives"", ""community_focused"", ""energy_efficient_systems""]",[],,2025-05-12,"{""latitude"": null, ""longitude"": null}",Kimpton Maa-Lai Bangkok,"[""https://www.kimptonmaalaibangkok.com/hotel-overview/sustainability/""]","The Kimpton Maa-Lai Bangkok is the flagship Kimpton hotel in Asia, located in the Langsuan area. It holds significant sustainability certifications (Gold Level Green Hotel Award, Silver LEED Award) and implements various eco-friendly practices, including solar power utilization, green spaces, local sourcing, and plastic reduction.","[""pet_friendly""]",Bangkok,,,"Langsuan, Bangkok",accommodation,Luxury hotel in Langsuan with strong sustainability certifications and practices.
Listed under 'Eco-Friendly Hotels' on Tripadvisor. Specific practices from the hotel's own site would be beneficial for verification.,the-peninsula-bangkok-bangkok-bkk-ac,"{""accommodation_type"": ""hotel"", ""price_per_night_thb_range"": null, ""room_types_available"": [], ""specific_amenities_accommodation"": []}",[],[],,2025-05-12,"{""latitude"": null, ""longitude"": null}",The Peninsula Bangkok,"[""https://www.tripadvisor.com/Hotel_Review-g293916-d302769-Reviews-The_Peninsula_Bangkok-Bangkok.html""]","The Peninsula Bangkok is a luxury hotel situated on the riverside. It is listed as an Eco-Friendly Hotel on Tripadvisor, though specific eco-initiatives require further verification from the hotel's official sources.",[],Bangkok,,,"Riverside, Bangkok (exact address to be confirmed)",accommodation,"Luxury hotel on the riverside, listed as eco-friendly."
Listed under 'Eco-Friendly Hotels' on Tripadvisor. Specific practices from the hotel's own site would be beneficial for verification.,amari-bangkok-bangkok-bkk-ac,"{""accommodation_type"": ""hotel"", ""price_per_night_thb_range"": null, ""room_types_available"": [], ""specific_amenities_accommodation"": []}",[],[],,2025-05-12,"{""latitude"": null, ""longitude"": null}",Amari Bangkok,"[""https://www.tripadvisor.com/Hotel_Review-g293916-d300434-Reviews-Amari_Bangkok-Bangkok.html""]",Amari Bangkok is a hotel located in Bangkok. It is listed as an Eco-Friendly Hotel on Tripadvisor. Further details on its specific sustainability practices should be sought from official hotel channels.,[],Bangkok,,,Bangkok (exact address to be confirmed),accommodation,"Hotel in Bangkok, listed as eco-friendly."
Listed under 'Eco-Friendly Hotels' on Tripadvisor. Specific practices from the hotel's own site would be beneficial for verification.,shangri-la-bangkok-bangkok-bkk-ac,"{""accommodation_type"": ""hotel"", ""price_per_night_thb_range"": null, ""room_types_available"": [], ""specific_amenities_accommodation"": []}",[],[],,2025-05-12,"{""latitude"": null, ""longitude"": null}",Shangri-La Bangkok,"[""https://www.tripadvisor.com/Hotel_Review-g293916-d307155-Reviews-Shangri_La_Bangkok-Bangkok.html""]",Shangri-La Bangkok is a luxury hotel located on the riverside. It is listed as an Eco-Friendly Hotel on Tripadvisor. Confirmation of specific eco-initiatives should be obtained from the hotel's official website or direct communications.,[],Bangkok,,,"Riverside, Bangkok (exact address to be confirmed)",accommodation,"Luxury hotel on the riverside, listed as eco-friendly."
Listed under 'Eco-Friendly Hotels' on Tripadvisor. Specific practices from the hotel's own site would be beneficial for verification.,asai-bangkok-chinatown-bangkok-bkk-ac,"{""accommodation_type"": ""hotel"", ""price_per_night_thb_range"": null, ""room_types_available"": [], ""specific_amenities_accommodation"": []}",[],[],,2025-05-12,"{""latitude"": null, ""longitude"": null}",ASAI Bangkok Chinatown,"[""https://www.tripadvisor.com/Hotel_Review-g293916-d21151284-Reviews-ASAI_Bangkok_Chinatown-Bangkok.html""]","ASAI Bangkok Chinatown is a hotel situated in the vibrant Chinatown district. It is listed as an Eco-Friendly Hotel on Tripadvisor. For specific sustainability measures, direct information from the hotel would be needed.",[],Bangkok,,,"Chinatown, Bangkok (exact address to be confirmed)",accommodation,"Hotel in Chinatown, listed as eco-friendly."
"Made from 17 old shipping containers (upcycled materials). Relies solely on LED lighting. Nestled in a green space, opens into it. Rx Café on-site brews locally grown beans. Associated with an institute focused on sustainable development.",the-hub-chiang-mai-by-isdsi-chiang-mai-cnx-cw,,"[""upcycled_materials"", ""energy_efficient_systems"", ""biophilic_design"", ""local_sourcing"", ""community_focused"", ""eco_education_programs""]",[],,2025-05-12,"{""latitude"": null, ""longitude"": null}",The Hub Chiang Mai (by ISDSI),"[""https://www.coworker.com/mag/5-coolest-coworking-spaces-in-chiang-mai"", ""https://abrotherabroad.com/15-best-coworking-spaces-chiang-mai-has-to-offer-my-favorite-coffee-shops/"", ""https://isdsi.org/connect/new-home-isdsi/""]","The Hub Chiang Mai, operated by the International Sustainable Development Studies Institute (ISDSI), is a unique coworking space constructed from 17 old shipping containers. It is dedicated to sustainability, experiential learning, and community, featuring LED lighting, green spaces, and an on-site café brewing locally grown beans.","[""on_site_food_drink"", ""community_events_networking""]",Chiang Mai,"{""operating_hours"": null, ""pricing_plans"": [], ""specific_amenities_coworking"": [""on_site_cafe_restaurant"", ""outdoor_seating_area""]}",,"Chiang Mai (exact address to be confirmed, near ISDSI)",coworking,"Coworking space by ISDSI, made from shipping containers, focused on sustainability and community."
"Alt_PingRiver converted from an old Thai house (potential preservation/upcycling). Emphasis on natural light. Partnerships with eco-conscious brands: 'Leaf' (eco-friendly travel essentials), 'Superbee' (eco-friendly, plastic-free products by empowered women), 'INBAAN' (organic, all-natural products). Bella Goose Coffee (partner cafe) serves organic Chiang Mai americano.",altchiangmai-coworking-coliving-altpingriver-chiang-mai-cnx-cw,,"[""upcycled_materials"", ""natural_lighting"", ""local_sourcing"", ""plastic_free_initiatives"", ""organic_food""]",[],,2025-05-12,"{""latitude"": null, ""longitude"": null}",Alt_ChiangMai Coworking & Coliving / Alt_PingRiver,"[""https://www.altcoliving.com/"", ""https://acrosseveryborder.com/coworking-spaces-in-chiang-mai/"", ""https://www.thingsnomadsdo.com/blog/best-coworking-spaces-in-chiang-mai-for-digital-nomads""]","Alt_ChiangMai offers two locations (Old Centre and Ping River) for coliving and coworking. They emphasize design, community, and a supportive environment. The Alt_PingRiver location is a converted old Thai house. They partner with several eco-conscious brands for amenities and products.","[""coliving_option_available"", ""community_events_networking"", ""on_site_food_drink""]",Chiang Mai,"{""operating_hours"": null, ""pricing_plans"": [], ""specific_amenities_coworking"": [""on_site_cafe_restaurant""]}",,"Two locations: Old Centre and Ping River, Chiang Mai",coworking,"Coliving and coworking spaces in Chiang Mai with a focus on design, community, and partnerships with eco-conscious brands."
"Described as 'more ""close to nature"" than other coworking spots.' Features a 'massive outdoor patio and garden area.' 'Plenty of trees surrounding the space.' Large green lawn for working, with hammocks and benches. Remodeled from a soda factory (adaptive reuse).",punspace-wiang-kaew-branch-chiang-mai-cnx-cw,,"[""biophilic_design"", ""upcycled_materials""]",[],,2025-05-12,"{""latitude"": null, ""longitude"": null}",Punspace (Wiang Kaew branch),"[""https://www.punspace.com/"", ""https://acrosseveryborder.com/coworking-spaces-in-chiang-mai/"", ""https://abrotherabroad.com/15-best-coworking-spaces-chiang-mai-has-to-offer-my-favorite-coffee-shops/""]","Punspace (Wiang Kaew branch) is located in Chiang Mai’s Old Town and was remodeled from an old soda factory. It is described as being more 'close to nature' than other coworking spots, featuring a massive outdoor patio, garden area, and plenty of surrounding trees. It offers a large green lawn with hammocks and benches for working.","[""outdoor_seating_area""]",Chiang Mai,"{""operating_hours"": null, ""pricing_plans"": [], ""specific_amenities_coworking"": [""outdoor_seating_area""]}",,"Wiang Kaew, Chiang Mai Old Town",coworking,"Coworking space in Chiang Mai's Old Town, remodeled from a soda factory, with a large outdoor patio and garden."
"Name itself implies a green focus. Described as having an 'indoor-outdoor vibe, complete with trees and plants, making it feel super cozy.' Website shows images with significant greenery.",greenhouse-community-space-chiang-mai-cnx-cw,,"[""biophilic_design""]",[],,2025-05-12,"{""latitude"": null, ""longitude"": null}",Greenhouse Community Space,"[""https://greenhousecowork.com/"", ""https://acrosseveryborder.com/coworking-spaces-in-chiang-mai/""]","Greenhouse Community Space, located in the Nimman area of Chiang Mai, is focused on Asia's media ecosystem. It offers an indoor-outdoor vibe, complete with trees and plants, creating a cozy atmosphere. The name itself suggests a green focus.",[],Chiang Mai,"{""operating_hours"": null, ""pricing_plans"": [], ""specific_amenities_coworking"": []}",,"Nimman area, Chiang Mai",coworking,"Coworking space in Nimman with an indoor-outdoor vibe, trees, and plants."
"'Quiet, cozy (yet somehow spacious) environment with garden views inside and out.' 'Feels like a rural retreat with its lush vegetation, tree swing, and pond surrounding the building.'",planters-space-chiang-mai-cnx-cw,,"[""biophilic_design""]",[],,2025-05-12,"{""latitude"": null, ""longitude"": null}",Planter’s Space,"[""https://planterspace.com/"", ""https://www.coworker.com/mag/5-coolest-coworking-spaces-in-chiang-mai"", ""https://abrotherabroad.com/15-best-coworking-spaces-chiang-mai-has-to-offer-my-favorite-coffee-shops/""]","Planter’s Space, located a 10-minute walk from Maya Mall in Chiang Mai, offers a rustic coworking environment. It's described as feeling like a rural retreat with its lush vegetation, tree swing, and a pond surrounding the building, providing garden views both inside and out.","[""outdoor_seating_area""]",Chiang Mai,"{""operating_hours"": null, ""pricing_plans"": [], ""specific_amenities_coworking"": [""outdoor_seating_area""]}",,"Near Maya Mall, Chiang Mai (10-min walk)",coworking,"Coworking space near Maya Mall with a rustic, garden-retreat feel, lush vegetation, and a pond."
"'Beautifully decorated with an indoor-outdoor vibe, complete with trees and plants, making it feel super cozy.' Skylights provide natural light.",life-space-chiang-mai-cnx-cw,,"[""biophilic_design"", ""natural_lighting""]",[],,2025-05-12,"{""latitude"": null, ""longitude"": null}",Life Space,"[""https://lifespaceth.com/en/""]","Life Space is a coworking space located in the Nimman area of Chiang Mai. It is described as beautifully decorated with an indoor-outdoor vibe, featuring trees, plants, and skylights that provide natural light, creating a cozy atmosphere.",[],Chiang Mai,"{""operating_hours"": null, ""pricing_plans"": [], ""specific_amenities_coworking"": []}",,"Nimman, Chiang Mai",coworking,"Coworking space in Nimman with an indoor-outdoor vibe, plants, and natural light from skylights."
"'Committed to sustainability, with eco-friendly practices and green spaces throughout the property.' 'Uses energy-efficient systems and promotes waste reduction.' Listed in 'The 10 coolest coworking spaces in Thailand for Digital Nomads!' on TheDigitalNomad.Asia.",homa-phuket-town-homa-cherngtalay-phuket-hkt-cw,,"[""biophilic_design"", ""energy_efficient_systems"", ""waste_reduction"", ""sustainable_practices_promotion""]",[],,2025-05-12,"{""latitude"": null, ""longitude"": null}",HOMA Phuket Town / HOMA Cherngtalay,"[""https://www.homa.co/post/living-the-digital-nomad-dream-in-phuket""]","HOMA offers modern co-living and coworking spaces at two locations in Phuket: Phuket Town and Cherngtalay. They are committed to sustainability, incorporating eco-friendly practices, green spaces, energy-efficient systems, and waste reduction measures.","[""coliving_option_available""]",Phuket,"{""operating_hours"": null, ""pricing_plans"": [], ""specific_amenities_coworking"": []}",,"Two locations: Phuket Town and Cherngtalay, Phuket",coworking,"Modern co-living and coworking spaces in Phuket, committed to sustainability with eco-friendly practices."
"Proximity to water and restaurants within walking distance might encourage less vehicle use. (Specific eco-initiatives not explicitly detailed in provided snippets, would require deeper check).",lets-work-phuket-hkt-cw,,[],[],,2025-05-12,"{""latitude"": null, ""longitude"": null}",Let's Work,"[""https://www.letswork.co.th/""]","Let's Work is a coworking space located in Rawai, Phuket, offering views of the water. Its proximity to the water and walkable restaurants might encourage less vehicle use.",[],Phuket,"{""operating_hours"": null, ""pricing_plans"": [], ""specific_amenities_coworking"": []}",,"Rawai, Phuket",coworking,"Coworking space in Rawai, Phuket, with views of the water."
"Specific eco-initiatives not explicitly detailed, but a focus on well-being and potentially natural surroundings at Rawai Beach could be relevant.",grind-time-coworking-space-phuket-hkt-cw,,[],[],,2025-05-12,"{""latitude"": null, ""longitude"": null}",Grind Time Coworking Space,"[""https://grindtime.space/"", ""https://www.coworker.com/thailand/phuket/grind-time-co-workspace-cafe""]","Grind Time Coworking Space operates in two locations in Phuket: Chalong Bay and Rawai Beach. The Rawai Beach location is noted for its cheerful decor, gym, and pool table, while the Chalong Bay site offers a silent floor.","[""quiet_work_zones""]",Phuket,"{""operating_hours"": null, ""pricing_plans"": [], ""specific_amenities_coworking"": [""gym_access"", ""pool_table""]}",,"Two locations: Chalong Bay & Rawai Beach, Phuket",coworking,"Coworking space with locations in Chalong Bay and Rawai Beach, Phuket."
Specific eco-initiatives not explicitly detailed in provided snippets.,the-project-phuket-hkt-cw,,[],[],,2025-05-12,"{""latitude"": null, ""longitude"": null}",The Project,"[""https://www.facebook.com/theprojectphuket/""]","The Project is a coworking space located in Rawai, Phuket. It is known for its comfortable seating and the availability of phone booths.","[""quiet_work_zones""]",Phuket,"{""operating_hours"": null, ""pricing_plans"": [], ""specific_amenities_coworking"": [""skype_booths_call_rooms""]}",,"Rawai, Phuket",coworking,"Coworking space in Rawai, Phuket, known for comfy seating and phone booths."
"Location suggests a connection with nature. Offers a full pantry/kitchen, which could help reduce waste from single-use takeaway containers if members cook/prepare food.",coco-space-phuket-hkt-cw,,"[""waste_reduction""]",[],,2025-05-12,"{""latitude"": null, ""longitude"": null}",Coco Space,"[""https://cocovillephuket.com/cocoworking-space/""]","Coco Space is located on a hillside in South Phuket, near Chalong Temple, offering views of Big Buddha. Its location suggests a connection with nature. It provides a full pantry/kitchen, which could help reduce waste from single-use takeaway containers if members prepare their own food.","[""kitchen_access_shared""]",Phuket,"{""operating_hours"": null, ""pricing_plans"": [], ""specific_amenities_coworking"": [""kitchen_access_shared""]}",,"South Phuket, near Chalong Temple (hillside location)",coworking,Coworking space on a hillside in South Phuket with views and a full pantry/kitchen.
"'Farm' in the name suggests a focus on fresh, possibly locally sourced or on-site grown ingredients. Often associated with healthy and potentially organic/sustainable food options.",o-oh-farm-suanluang-o-oh-farm-ta-eiad-phuket-hkt-cf,,"[""local_sourcing"", ""organic_food""]",[],,2025-05-12,"{""latitude"": null, ""longitude"": null}",O-OH Farm Suanluang / O-OH Farm Ta-Eiad,"[""https://www.tripadvisor.com/Restaurant_Review-g2315817-d10262181-Reviews-O_OH_Farm_Suanluang-Talat_Nuea_Phuket_Town_Phuket.html"", ""https://www.tripadvisor.com/Restaurant_Review-g1215781-d11955074-Reviews-O_OH_Farm_Ta_Eiad-Phuket_Town_Phuket.html""]","O-OH Farm operates cafes in Suanluang and Ta-Eiad, Phuket. The 'farm' concept suggests a focus on fresh ingredients, potentially locally sourced or grown on-site, aligning with healthy and sustainable food options.","[""on_site_food_drink""]",Phuket,,"{""operating_hours"": null, ""price_indication"": null, ""menu_highlights_cafe"": [""farm-to-table concept (inferred)"", ""healthy_options""], ""wifi_reliability_notes"": null}","Two locations: Suanluang and Ta-Eiad, Phuket",cafe,"Cafes in Phuket with a 'farm' concept, likely emphasizing fresh and potentially organic/sustainable food."
"'Surrounded by lush tropical gardens.' Emphasis on a 'peace & tranquility with the smell of fresh garden air.' Offers authentic Thai dishes, potentially using local ingredients.",maybelles-coffee-garden-phuket-hkt-cf,,"[""biophilic_design"", ""local_sourcing""]",[],,2025-05-12,"{""latitude"": null, ""longitude"": null}",Maybelle's Coffee Garden,"[""https://www.maybellescoffeegarden.com/"", ""https://www.tripadvisor.com/Restaurant_Review-g1215780-d23852794-Reviews-Maybelle_s_Coffee_Garden-Karon_Phuket.html""]","Maybelle's Coffee Garden is a cafe and restaurant located in Kata, Phuket. It is set within tranquil tropical gardens, offering a peaceful atmosphere with the smell of fresh garden air. They serve authentic Thai dishes.","[""on_site_food_drink"", ""outdoor_seating_area""]",Phuket,,"{""operating_hours"": null, ""price_indication"": null, ""menu_highlights_cafe"": [""authentic_thai_dishes"", ""coffee""], ""wifi_reliability_notes"": null}","Kata, Phuket",cafe,"Cafe and restaurant in Kata, Phuket, set in tranquil tropical gardens."
"'Situated in a lush garden.' Offers a quiet, natural setting away from hustle and bustle.",sitsip-coffee-phuket-hkt-cf,,"[""biophilic_design""]",[],,2025-05-12,"{""latitude"": null, ""longitude"": null}",Sitsip Coffee,"[""https://www.thingsnomadsdo.com/blog/best-specialty-coffee-in-phuket-thailand""]","Sitsip Coffee is described as a hidden gem cafe located near Surin and Bang Tao beach in Phuket. It is situated in a lush garden, providing a quiet and natural setting away from the hustle and bustle.","[""on_site_food_drink"", ""outdoor_seating_area"", ""quiet_work_zones""]",Phuket,,"{""operating_hours"": null, ""price_indication"": null, ""menu_highlights_cafe"": [""specialty_coffee_beans""], ""wifi_reliability_notes"": null}","Near Surin and Bang Tao beach, Phuket",cafe,"Hidden gem cafe in Phuket, situated in a lush garden, offering a quiet and natural setting."
"'Surrounded by a beautiful garden, which made for a very tranquil setting.' Option for outdoor seating.",hohiho-restaurant-cafe-phuket-hkt-cf,,"[""biophilic_design""]",[],,2025-05-12,"{""latitude"": null, ""longitude"": null}",Hohiho Restaurant & Cafe,"[""https://www.thingsnomadsdo.com/blog/best-specialty-coffee-in-phuket-thailand""]","Hohiho Restaurant & Cafe is a fancy establishment located on a quiet street near Big Buddha in Phuket. It is surrounded by a beautiful garden, offering a tranquil setting and outdoor seating options.","[""on_site_food_drink"", ""outdoor_seating_area"", ""quiet_work_zones""]",Phuket,,"{""operating_hours"": null, ""price_indication"": null, ""menu_highlights_cafe"": [], ""wifi_reliability_notes"": null}","Near Big Buddha, Phuket (quiet street)",cafe,"Fancy cafe and restaurant near Big Buddha, Phuket, surrounded by a beautiful garden."
"Set 'amid a tropical garden.' Serves 'tasty and healthy dishes,' potentially implying fresh, local sourcing.",project-artisan-phuket-garden-eatery-phuket-hkt-cf,,"[""biophilic_design"", ""local_sourcing""]",[],,2025-05-12,"{""latitude"": null, ""longitude"": null}",Project Artisan Phuket (Garden Eatery),"[""https://www.phuket.net/articles/2021/07/10-most-charming-garden-cafes-restaurants-in-phuket/"", ""https://www.phuket.net/directory/?p=121302""]","Project Artisan Phuket, located near Layan Beach, is a hip hang-out spot featuring a Garden Eatery. It is set amidst a tropical garden and serves tasty and healthy dishes, potentially implying fresh, local sourcing.","[""on_site_food_drink"", ""outdoor_seating_area""]",Phuket,,"{""operating_hours"": null, ""price_indication"": null, ""menu_highlights_cafe"": [""healthy_dishes""], ""wifi_reliability_notes"": null}","Near Layan Beach, Phuket",cafe,Hip hang-out spot near Layan Beach with a Garden Eatery set in a tropical garden.
"Vegan and raw food focus inherently promotes more sustainable dietary choices. Likely uses fresh, whole ingredients.",raw-cafe-vegan-bistro-phuket-hkt-cf,,"[""plant_based_menu"", ""local_sourcing""]",[],,2025-05-12,"{""latitude"": null, ""longitude"": null}",Raw Cafe & Vegan Bistro,"[""https://www.tripadvisor.com/Restaurant_Review-g297934-d3844442-Reviews-Raw_Cafe_Vegan_Bistro-Rawai_Phuket.html""]","Raw Cafe & Vegan Bistro, located in Rawai, Phuket, specializes in raw and vegan cuisine. This focus inherently promotes more sustainable dietary choices and likely involves the use of fresh, whole ingredients.","[""on_site_food_drink""]",Phuket,,"{""operating_hours"": null, ""price_indication"": null, ""menu_highlights_cafe"": [""raw_food"", ""vegan_options"", ""healthy_options""], ""wifi_reliability_notes"": null}","Rawai, Phuket",cafe,"Cafe in Rawai, Phuket, focusing on raw and vegan food, promoting sustainable dietary choices."
"Voluntarily treats local community wastewater. 272 million liter rainwater reservoir. Zero waste program: transforms food waste into fertilizer using biotechnology. Daily beach cleaning and regular 'Big Beach Clean' events. Installed solar panels generating 1,000,000 watts daily (with sister resort Katathani). Reviews mention 'jungle view' rooms.",the-shore-at-katathani-phuket-hkt-ac,"{""accommodation_type"": ""resort"", ""price_per_night_thb_range"": null, ""room_types_available"": [""jungle_view_rooms (mentioned in reviews)""], ""specific_amenities_accommodation"": []}","[""water_conservation"", ""waste_reduction"", ""renewable_energy"", ""community_focused"", ""biophilic_design""]",[],,2025-05-12,"{""latitude"": null, ""longitude"": null}",The Shore At Katathani,"[""https://theshorephuket.com/the-green-hotel/index.php"", ""https://www.tripadvisor.com/HotelsList-Phuket-Jungle-Resorts-zfp771079.html""]","The Shore At Katathani is an adult-only resort on Kata Noi Beach, marketing itself as 'The Green Hotel.' It implements several eco-friendly practices, including treating local community wastewater, maintaining a large rainwater reservoir, a zero-waste program transforming food waste into fertilizer, daily beach cleaning, and solar panel installations.",[],Phuket,,,"Kata Noi Beach, Phuket",accommodation,Adult-only 'Green Hotel' resort on Kata Noi Beach with significant water and waste management initiatives.
"Similar initiatives to The Shore: community wastewater treatment, beach cleaning (twice daily + patrols), solar power (1,000,000 watts/day), zero waste (recycles >80% waste, food waste to fertilizer), rainwater reservoir. Produces 'Ko Green' organic, biodegradable soaps on-site. Donates used bottle caps for prosthetic limbs. Educates local students on environmental protection ('Environmental Detectives' program). Winner of Phuket Zero Waste Contest. Tracks and reports Greenhouse Gas Emissions.",katathani-phuket-beach-resort-phuket-hkt-ac,"{""accommodation_type"": ""resort"", ""price_per_night_thb_range"": null, ""room_types_available"": [], ""specific_amenities_accommodation"": []}","[""water_conservation"", ""waste_reduction"", ""renewable_energy"", ""community_focused"", ""eco_education_programs"", ""local_sourcing"", ""plastic_free_initiatives""]",[],,2025-05-12,"{""latitude"": null, ""longitude"": null}",Katathani Phuket Beach Resort,"[""https://www.katathani.com/green-hotel/""]","Katathani Phuket Beach Resort, the sister resort to The Shore At Katathani, is located on Kata Noi Bay and is also marketed as a 'Green Hotel.' It shares similar comprehensive eco-friendly initiatives, including community wastewater treatment, extensive beach cleaning, solar power, a zero-waste program, rainwater harvesting, on-site production of biodegradable soaps, and environmental education programs.",[],Phuket,,,"Kata Noi Bay, Phuket",accommodation,"Sister resort to The Shore, also a 'Green Hotel' on Kata Noi Bay with comprehensive eco-initiatives."
"'Surrounded by lush greenery,' 'nestled beneath the rainforest canopy.' Has a dedicated 'Sustainability' page on its website. Offers 'Pure Cuisine' and 'Holistic Lifestyle' experiences, often indicative of eco-focus. Villas inspired by nature.",keemala-phuket-hkt-ac,"{""accommodation_type"": ""resort"", ""price_per_night_thb_range"": null, ""room_types_available"": [""villas""], ""specific_amenities_accommodation"": []}","[""biophilic_design"", ""sustainable_practices_promotion"", ""local_sourcing""]",[],,2025-05-12,"{""latitude"": null, ""longitude"": null}",Keemala,"[""https://www.keemala.com/""]","Keemala is a 5-star luxury jungle and forest resort located in Kamala, Phuket. It is surrounded by lush greenery and nestled beneath the rainforest canopy. The resort has a dedicated 'Sustainability' page on its website and offers 'Pure Cuisine' and 'Holistic Lifestyle' experiences, often indicative of an eco-focus. Villas are inspired by nature.",[],Phuket,,,"Kamala, Phuket",accommodation,"5-star luxury jungle and forest resort in Kamala, Phuket, with a dedicated sustainability page."
"Certified 'Green Hotel Plus 2024'. Regular beach clean-ups and mangrove planting. Lush gardens nourished by natural fertilizers and on-site compost. Trees and plants selected for low water needs. Deep green cleaning practices. Energy-saving bulbs/LED lighting. Low-flow shower heads and faucet aerators. No single-use plastics, uses glass, reclaimed wood, recycled paper. Own herb and vegetable garden. Locally sourced seafood. 'Zero Miles Cocktails' (utilizing local ingredients, potentially reducing waste). Partners with eco-conscious dive operators and supports Phuket Elephant Sanctuary. 'The Giving Bag' initiative for local children in need.",the-nai-harn-phuket-phuket-hkt-ac,"{""accommodation_type"": ""resort"", ""price_per_night_thb_range"": null, ""room_types_available"": [], ""specific_amenities_accommodation"": [""on_site_restaurant_bar""]}","[""waste_reduction"", ""water_conservation"", ""energy_efficient_systems"", ""plastic_free_initiatives"", ""local_sourcing"", ""organic_food"", ""community_focused"", ""biophilic_design""]",[],,2025-05-12,"{""latitude"": null, ""longitude"": null}",The Nai Harn Phuket,"[""https://www.thenaiharn.com/""]","The Nai Harn Phuket is a luxury resort overlooking Nai Harn Bay and a member of Leading Hotels of the World. It is certified 'Green Hotel Plus 2024' and implements numerous eco-friendly practices including beach clean-ups, mangrove planting, on-site composting, low-water landscaping, green cleaning, energy/water saving fixtures, no single-use plastics, an on-site herb/vegetable garden, locally sourced seafood, and partnerships with eco-conscious operators.",[],Phuket,,,"Nai Harn Bay, Phuket",accommodation,"Luxury resort overlooking Nai Harn Bay, certified 'Green Hotel Plus 2024' with extensive eco-practices."
"Has a dedicated 'Sustainability' page. Emphasis on natural surroundings ('lush greenery'). Offers experiences like visiting an organic goat farm and local markets, suggesting a connection to local/sustainable produce.",banyan-tree-phuket-phuket-hkt-ac,"{""accommodation_type"": ""resort"", ""price_per_night_thb_range"": null, ""room_types_available"": [""pool_villa""], ""specific_amenities_accommodation"": []}","[""biophilic_design"", ""sustainable_practices_promotion"", ""local_sourcing"", ""organic_food""]",[],,2025-05-12,"{""latitude"": null, ""longitude"": null}",Banyan Tree Phuket,"[""https://www.banyantree.com/thailand/phuket""]","Banyan Tree Phuket is an all-pool villa luxury resort located in Cherngtalay, nestled around a lagoon and surrounded by lush greenery. It has a dedicated 'Sustainability' page and offers experiences like visiting an organic goat farm and local markets, suggesting a connection to local and sustainable produce.",[],Phuket,,,"Cherngtalay, Phuket",accommodation,"All-pool villa luxury resort in Cherngtalay, nestled around a lagoon with lush greenery and a sustainability focus."
"Name strongly implies a nature focus. Described as a 'tranquil sanctuary surrounded by the lush green nature.' (Specific eco-initiatives not detailed in the provided snippet, would require checking their sustainability page if available).",the-nature-phuket-phuket-hkt-ac,"{""accommodation_type"": ""resort"", ""price_per_night_thb_range"": null, ""room_types_available"": [], ""specific_amenities_accommodation"": []}","[""biophilic_design""]",[],,2025-05-12,"{""latitude"": null, ""longitude"": null}",The Nature Phuket,"[""https://www.thenaturephuket.com/""]","The Nature Phuket is a 5-star resort located near Patong Beach, overlooking Kalim Bay. Its name strongly implies a nature focus, and it is described as a 'tranquil sanctuary surrounded by the lush green nature.' Specific eco-initiatives would require checking their sustainability page if available.",[],Phuket,,,"Near Patong Beach, overlooking Kalim Bay, Phuket",accommodation,"5-star resort near Patong Beach, described as a tranquil sanctuary surrounded by lush green nature."
"Explicitly states: 'We have always been a sustainable and eco-friendly coworking space.' Project E.ko Hub aims to be entirely off-grid. Uses its own organic farming for its kitchens and grows organic vegetables. Composts food waste and garden leaves. Provides reusable containers for water and food; sorts all waste. Lush 1,500 sqm tropical garden. Hopes to inspire local communities and nomads to adopt sustainable practices.",kohub-koh-lanta-lnt-cw,,"[""sustainable_practices_promotion"", ""renewable_energy"", ""organic_food"", ""waste_reduction"", ""biophilic_design"", ""community_focused"", ""eco_education_programs"", ""plastic_free_initiatives"", ""local_sourcing""]","[""https://kohub.org/img/index/garden.jpg"", ""https://kohub.org/img/index/ekohub.jpg""]",https://kohub.org/img/index/head_11_2019_1.jpg,2025-05-12,"{""latitude"": 7.6095266, ""longitude"": 99.037384}",KoHub,"[""https://kohub.org/"", ""https://kohub.org/eco-hub-sustainable-coworking-thailand"", ""https://colivingcompass.com/region/thailand/coliving/kohub-koh-lanta/"", ""https://alexduggleby.com/blog/a-month-of-tropical-co-working-in-koh-lanta-thailand/"", ""https://www.locationindependent.co.uk/coworking-koh-lanta-nomad-guide/""]","KoHub is a well-known coworking and coliving space on Koh Lanta, operating seasonally (Nov-Apr). It boasts a strong community, fast internet, a tropical garden setting, and significant eco-friendly initiatives including organic farming, composting, waste reduction, and a project aiming for off-grid status.","[""fast_wifi"", ""on_site_food_drink"", ""community_events_networking"", ""coliving_option_available"", ""24_7_access"", ""meeting_rooms_available"", ""skype_booths_call_rooms"", ""printer_scanner_copier"", ""monitor_rental_available""]",Koh Lanta,"{""operating_hours"": ""Open 1st Nov - 30th Apr (High Season), 24 hours a day"", ""pricing_plans"": [], ""specific_amenities_coworking"": [""on_site_cafe_restaurant"", ""outdoor_seating_area"", ""skype_booths_call_rooms"", ""printer_scanner_copier"", ""monitor_rental_available"", ""personal_lockers"", ""event_space_available"", ""coliving_bungalows""]}",,"Koh Lanta, Thailand (exact address to be confirmed)",coworking,"Well-established coworking and coliving space on Koh Lanta, known for its community, fast internet, and strong eco-focus."
"Explicitly states: 'Sustainability @ COWORX.' 'At COWORX we take extensive affords to recycle and to do eveything possible to safe natural resources.' Provides free drinks (coffee, tea, water, soft drinks) using reusable glass bottles and cups, claiming to save ~12,000 plastic bottles per year. Offers free locally produced fair-trade coffee. Transparent electricity pricing for apartments (metered usage) to encourage conscious consumption. Features a relaxing outside area with a fish pond and garden.",coworx-koh-lanta-koh-lanta-lnt-cw,,"[""waste_reduction"", ""plastic_free_initiatives"", ""local_sourcing"", ""energy_efficient_systems"", ""sustainable_practices_promotion""]","[""https://coworx-lanta.com/wp-content/uploads/2025/04/recycle.png"", ""https://coworx-lanta.com/wp-content/uploads/2025/04/drinks.png""]",https://coworx-lanta.com/wp-content/uploads/2025/04/house.png,2025-05-12,"{""latitude"": null, ""longitude"": null}",COWORX Koh Lanta,"[""https://coworx-lanta.com/""]","COWORX Koh Lanta offers shared workspace, coworking, and fully serviced apartments in a co-living setup, located 3 minutes from the beach. They emphasize sustainability, taking extensive efforts to recycle and save natural resources, including providing free drinks in reusable containers to reduce plastic waste and offering locally produced fair-trade coffee.","[""fast_wifi"", ""coliving_option_available"", ""ergonomic_seating"", ""24_7_access"", ""on_site_food_drink"", ""outdoor_seating_area"", ""pet_friendly""]",Koh Lanta,"{""operating_hours"": ""Open 24/7 (for office space)"", ""pricing_plans"": [], ""specific_amenities_coworking"": [""height_adjustable_workstations"", ""ac_rooms"", ""outdoor_kitchen_access"", ""shared_kitchen_access""]}",,"Koh Lanta (3 minutes from the beach, exact address to be confirmed)",coworking,"Coworking and co-living space on Koh Lanta with a focus on sustainability, recycling, and resource saving."
"Name 'Eco Lanta' strongly suggests an eco-focus. 'Made of eco materials, bamboo is the fastest growing plants on earth which makes no pressure on earth.' (booking.com). Tripadvisor image caption: 'Live green and save the nature.'",eco-lanta-hideaway-beach-resort-koh-lanta-lnt-ac,"{""accommodation_type"": ""resort"", ""price_per_night_thb_range"": ""$24 - $106 (Based on Average Rates for a Standard Room - Tripadvisor)"", ""room_types_available"": [""bungalow"", ""family_bungalow"", ""ECO_Dome""], ""specific_amenities_accommodation"": [""outdoor_swimming_pool"", ""beachfront"", ""on_site_restaurant_bar"", ""private_beach_area"", ""bicycle_rental""]}","[""green_building_materials"", ""biophilic_design""]","[""https://dynamic-media-cdn.tripadvisor.com/media/photo-o/0b/44/da/f4/live-green-and-save-the.jpg?w=1800&h=1000&s=1""]",https://dynamic-media-cdn.tripadvisor.com/media/photo-o/1a/92/11/86/photo0jpg.jpg?w=1400&h=800&s=1,2025-05-12,"{""latitude"": null, ""longitude"": null}",Eco Lanta Hideaway Beach Resort,"[""https://www.tripadvisor.com/Hotel_Review-g303905-d9553406-Reviews-Eco_Lanta_Hideaway_Beach_Resort-Ko_Lanta_Krabi_Province.html"", ""https://www.booking.com/hotel/th/eco-lanta-hideaway-beach-resort.html""]","Eco Lanta Hideaway Beach Resort is located along the beachfront of Long Beach in Ko Lanta. The resort features Thai-style bungalows constructed from eco materials, with bamboo being specifically mentioned as a fast-growing, low-impact resource. An image on Tripadvisor also promotes a 'live green and save the nature' ethos.","[""on_site_food_drink""]",Koh Lanta,,,"535 Moo 3 Saladan Subdistrict, Ko Lanta 81150 Thailand (Long Beach)",accommodation,"Beachfront resort on Long Beach, Koh Lanta, with bungalows made of eco materials like bamboo."
